episode_id,thread_id,project_code,owner,due_date
ep-00000,ep-00000-th-001,U688,Morgan Chen,2001-11-03
ep-00000,ep-00000-th-002,S281,Alex Brown,2001-12-21
ep-00000,ep-00000-th-003,T745,Riley Brown,2001-02-24
ep-00000,ep-00000-th-004,L549,Taylor Patel,2001-12-22
ep-00000,ep-00000-th-005,Q461,Cameron Brown,2001-06-13
ep-00000,ep-00000-th-006,F182,Casey Clark,2001-01-25
ep-00000,ep-00000-th-007,V348,Jamie Patel,2001-10-20
ep-00000,ep-00000-th-008,J161,Avery Chen,2001-11-19
ep-00000,ep-00000-th-009,U783,Jordan Garcia,2001-06-14
ep-00000,ep-00000-th-010,B591,Jordan Miller,2001-09-26
ep-00000,ep-00000-th-011,T429,Avery Chen,2001-04-26
ep-00000,ep-00000-th-012,J168,Morgan Miller,2001-03-13
ep-00000,ep-00000-th-013,D717,Morgan Garcia,2001-03-16
ep-00000,ep-00000-th-014,R945,Morgan Patel,2001-10-18
ep-00000,ep-00000-th-015,S187,Taylor Miller,2001-10-13
ep-00000,ep-00000-th-016,U856,Taylor Clark,2001-04-07
ep-00000,ep-00000-th-017,R672,Jordan Clark,2001-03-23
ep-00000,ep-00000-th-018,A816,Riley Miller,2001-08-14
ep-00000,ep-00000-th-019,S349,Riley Brown,2001-06-15
ep-00000,ep-00000-th-020,O133,Jordan Kim,2001-02-13
ep-00000,ep-00000-th-021,R688,Morgan Clark,2001-07-03
ep-00000,ep-00000-th-022,T616,Jamie Brown,2001-07-03
ep-00000,ep-00000-th-023,O814,Taylor Shah,2001-01-10
ep-00000,ep-00000-th-024,L983,Sam Kim,2001-05-28
ep-00000,ep-00000-th-025,W131,Sam Clark,2001-01-24
ep-00000,ep-00000-th-026,H924,Sam Chen,2001-08-04
ep-00000,ep-00000-th-027,O554,Riley Khan,2001-08-12
ep-00000,ep-00000-th-028,K475,Cameron Garcia,2001-03-10
ep-00000,ep-00000-th-029,A195,Alex Miller,2001-09-20
ep-00000,ep-00000-th-030,M744,Jordan Khan,2001-07-27
ep-00000,ep-00000-th-031,D547,Jamie Chen,2001-06-05
ep-00000,ep-00000-th-032,J314,Taylor Shah,2001-08-18
ep-00000,ep-00000-th-033,J962,Alex Garcia,2001-02-10
ep-00000,ep-00000-th-034,Z429,Avery Chen,2001-09-13
ep-00000,ep-00000-th-035,G787,Avery Kim,2001-10-08
ep-00001,ep-00001-th-001,K932,Jamie Garcia,2001-01-19
ep-00001,ep-00001-th-002,F780,Casey Chen,2001-02-20
ep-00001,ep-00001-th-003,E475,Cameron Khan,2001-12-27
ep-00001,ep-00001-th-004,O280,Cameron Clark,2001-12-19
ep-00001,ep-00001-th-005,D552,Morgan Clark,2001-05-10
ep-00001,ep-00001-th-006,C851,Riley Lee,2001-06-14
ep-00001,ep-00001-th-007,M926,Jordan Garcia,2001-03-07
ep-00001,ep-00001-th-008,X945,Alex Shah,2001-03-06
ep-00001,ep-00001-th-009,H274,Morgan Khan,2001-08-21
ep-00001,ep-00001-th-010,M112,Alex Kim,2001-03-24
ep-00001,ep-00001-th-011,V867,Jamie Brown,2001-08-12
ep-00001,ep-00001-th-012,R814,Riley Shah,2001-01-21
ep-00001,ep-00001-th-013,J768,Casey Clark,2001-05-27
ep-00001,ep-00001-th-014,V397,Morgan Brown,2001-10-20
ep-00001,ep-00001-th-015,W432,Casey Chen,2001-11-09
ep-00001,ep-00001-th-016,P208,Cameron Garcia,2001-05-17
ep-00001,ep-00001-th-017,M862,Casey Brown,2001-02-01
ep-00001,ep-00001-th-018,K997,Avery Shah,2001-08-11
ep-00001,ep-00001-th-019,E107,Taylor Garcia,2001-03-08
ep-00001,ep-00001-th-020,A646,Avery Shah,2001-06-12
ep-00001,ep-00001-th-021,H228,Casey Brown,2001-01-12
ep-00001,ep-00001-th-022,H253,Riley Brown,2001-08-20
ep-00001,ep-00001-th-023,Z821,Jamie Clark,2001-06-28
ep-00001,ep-00001-th-024,T685,Avery Brown,2001-09-08
ep-00001,ep-00001-th-025,Z660,Riley Chen,2001-11-03
ep-00001,ep-00001-th-026,C555,Riley Clark,2001-06-19
ep-00001,ep-00001-th-027,O964,Jamie Chen,2001-12-04
ep-00001,ep-00001-th-028,Z238,Sam Clark,2001-09-28
ep-00001,ep-00001-th-029,T672,Taylor Lee,2001-02-09
ep-00001,ep-00001-th-030,B556,Riley Khan,2001-06-25
ep-00001,ep-00001-th-031,Z872,Morgan Garcia,2001-12-07
ep-00001,ep-00001-th-032,K166,Riley Shah,2001-02-07
ep-00001,ep-00001-th-033,O585,Cameron Kim,2001-12-13
ep-00001,ep-00001-th-034,V314,Alex Lee,2001-05-27
ep-00001,ep-00001-th-035,B431,Jordan Khan,2001-09-22
ep-00002,ep-00002-th-001,W965,Jamie Garcia,2001-06-05
ep-00002,ep-00002-th-002,Y861,Cameron Garcia,2001-04-24
ep-00002,ep-00002-th-003,O733,Morgan Chen,2001-08-23
ep-00002,ep-00002-th-004,I827,Sam Chen,2001-11-27
ep-00002,ep-00002-th-005,Y384,Cameron Khan,2001-12-01
ep-00002,ep-00002-th-006,T996,Riley Kim,2001-10-03
ep-00002,ep-00002-th-007,M662,Morgan Shah,2001-03-17
ep-00002,ep-00002-th-008,Q669,Sam Garcia,2001-04-13
ep-00002,ep-00002-th-009,P425,Morgan Kim,2001-03-19
ep-00002,ep-00002-th-010,V361,Cameron Brown,2001-03-11
ep-00002,ep-00002-th-011,A135,Taylor Chen,2001-10-04
ep-00002,ep-00002-th-012,V310,Jordan Shah,2001-10-17
ep-00002,ep-00002-th-013,D203,Taylor Chen,2001-12-09
ep-00002,ep-00002-th-014,F950,Jordan Lee,2001-06-12
ep-00002,ep-00002-th-015,Q889,Avery Kim,2001-12-18
ep-00002,ep-00002-th-016,B943,Jordan Brown,2001-10-07
ep-00002,ep-00002-th-017,H528,Cameron Kim,2001-08-13
ep-00002,ep-00002-th-018,C739,Cameron Brown,2001-03-05
ep-00002,ep-00002-th-019,L555,Casey Kim,2001-07-09
ep-00002,ep-00002-th-020,R816,Jamie Lee,2001-12-01
ep-00002,ep-00002-th-021,Z128,Casey Patel,2001-02-20
ep-00002,ep-00002-th-022,S206,Avery Garcia,2001-04-09
ep-00002,ep-00002-th-023,L259,Morgan Kim,2001-01-11
ep-00002,ep-00002-th-024,R786,Taylor Garcia,2001-10-20
ep-00002,ep-00002-th-025,V914,Cameron Khan,2001-05-12
ep-00002,ep-00002-th-026,I311,Riley Miller,2001-10-05
ep-00002,ep-00002-th-027,M299,Cameron Kim,2001-02-16
ep-00002,ep-00002-th-028,W923,Alex Garcia,2001-02-09
ep-00002,ep-00002-th-029,N352,Alex Brown,2001-01-07
ep-00002,ep-00002-th-030,A178,Morgan Clark,2001-10-03
ep-00002,ep-00002-th-031,A403,Jamie Miller,2001-10-10
ep-00002,ep-00002-th-032,E123,Jordan Lee,2001-11-08
ep-00002,ep-00002-th-033,V597,Casey Chen,2001-10-02
ep-00002,ep-00002-th-034,C480,Taylor Brown,2001-09-17
ep-00002,ep-00002-th-035,G394,Riley Kim,2001-07-16
ep-00002,ep-00002-th-036,T742,Morgan Garcia,2001-05-12
ep-00002,ep-00002-th-037,F662,Sam Shah,2001-10-27
ep-00002,ep-00002-th-038,D782,Alex Garcia,2001-03-05
ep-00002,ep-00002-th-039,E139,Cameron Lee,2001-05-20
ep-00002,ep-00002-th-040,Z867,Jordan Khan,2001-08-06
ep-00002,ep-00002-th-041,L925,Taylor Patel,2001-11-27
ep-00002,ep-00002-th-042,Z959,Cameron Chen,2001-03-18
ep-00002,ep-00002-th-043,F525,Jamie Khan,2001-04-08
ep-00002,ep-00002-th-044,T105,Casey Miller,2001-07-11
ep-00002,ep-00002-th-045,V433,Riley Chen,2001-01-15
ep-00002,ep-00002-th-046,B936,Jamie Garcia,2001-06-18
ep-00002,ep-00002-th-047,G359,Morgan Kim,2001-10-03
ep-00002,ep-00002-th-048,V413,Casey Patel,2001-05-22
ep-00002,ep-00002-th-049,H218,Casey Patel,2001-04-13
ep-00002,ep-00002-th-050,O674,Jamie Clark,2001-01-11
ep-00003,ep-00003-th-001,Z337,Avery Khan,2001-10-04
ep-00003,ep-00003-th-002,H709,Avery Clark,2001-06-07
ep-00003,ep-00003-th-003,Y348,Taylor Khan,2001-07-08
ep-00003,ep-00003-th-004,A486,Avery Chen,2001-09-08
ep-00003,ep-00003-th-005,U797,Jamie Miller,2001-07-11
ep-00003,ep-00003-th-006,T850,Cameron Kim,2001-09-01
ep-00003,ep-00003-th-007,O613,Taylor Khan,2001-11-02
ep-00003,ep-00003-th-008,F286,Cameron Brown,2001-09-23
ep-00003,ep-00003-th-009,T180,Jordan Garcia,2001-05-21
ep-00003,ep-00003-th-010,E434,Sam Patel,2001-03-06
ep-00003,ep-00003-th-011,O468,Morgan Chen,2001-09-25
ep-00003,ep-00003-th-012,N677,Riley Shah,2001-02-28
ep-00003,ep-00003-th-013,E470,Jamie Chen,2001-03-26
ep-00003,ep-00003-th-014,B321,Avery Miller,2001-02-22
ep-00003,ep-00003-th-015,Z187,Morgan Chen,2001-02-06
ep-00003,ep-00003-th-016,E266,Morgan Chen,2001-03-09
ep-00003,ep-00003-th-017,E815,Sam Khan,2001-07-23
ep-00003,ep-00003-th-018,Q339,Jamie Kim,2001-02-08
ep-00003,ep-00003-th-019,H221,Alex Khan,2001-07-12
ep-00003,ep-00003-th-020,Y301,Morgan Clark,2001-08-12
ep-00003,ep-00003-th-021,G131,Alex Patel,2001-10-18
ep-00003,ep-00003-th-022,L803,Jordan Kim,2001-05-26
ep-00003,ep-00003-th-023,P865,Sam Clark,2001-01-07
ep-00003,ep-00003-th-024,N145,Cameron Clark,2001-07-09
ep-00003,ep-00003-th-025,C656,Casey Miller,2001-08-04
ep-00003,ep-00003-th-026,D801,Jordan Khan,2001-02-21
ep-00003,ep-00003-th-027,Z496,Alex Clark,2001-03-15
ep-00003,ep-00003-th-028,Z769,Alex Clark,2001-02-21
ep-00003,ep-00003-th-029,Q358,Morgan Patel,2001-12-07
ep-00003,ep-00003-th-030,I552,Jamie Brown,2001-07-17
ep-00003,ep-00003-th-031,W455,Cameron Miller,2001-12-26
ep-00003,ep-00003-th-032,U321,Riley Miller,2001-04-19
ep-00003,ep-00003-th-033,G570,Riley Patel,2001-05-23
ep-00003,ep-00003-th-034,L963,Alex Miller,2001-10-26
ep-00003,ep-00003-th-035,E984,Taylor Garcia,2001-05-18
ep-00003,ep-00003-th-036,R526,Alex Khan,2001-03-03
ep-00003,ep-00003-th-037,P470,Jamie Clark,2001-02-08
ep-00003,ep-00003-th-038,N808,Jamie Garcia,2001-08-28
ep-00003,ep-00003-th-039,M894,Riley Garcia,2001-03-22
ep-00003,ep-00003-th-040,F402,Sam Shah,2001-04-19
ep-00003,ep-00003-th-041,Y845,Avery Lee,2001-06-07
ep-00003,ep-00003-th-042,X740,Taylor Brown,2001-08-14
ep-00003,ep-00003-th-043,M149,Morgan Garcia,2001-10-25
ep-00003,ep-00003-th-044,T127,Cameron Garcia,2001-05-27
ep-00003,ep-00003-th-045,W145,Taylor Miller,2001-07-08
ep-00003,ep-00003-th-046,N879,Sam Miller,2001-09-25
ep-00003,ep-00003-th-047,H294,Casey Brown,2001-05-22
ep-00003,ep-00003-th-048,U320,Riley Kim,2001-05-01
ep-00003,ep-00003-th-049,I961,Morgan Miller,2001-02-18
ep-00003,ep-00003-th-050,J768,Avery Brown,2001-02-14
ep-00004,ep-00004-th-001,A795,Alex Miller,2001-09-24
ep-00004,ep-00004-th-002,M905,Jordan Chen,2001-02-22
ep-00004,ep-00004-th-003,S824,Riley Garcia,2001-01-27
ep-00004,ep-00004-th-004,M184,Avery Khan,2001-06-22
ep-00004,ep-00004-th-005,A183,Sam Shah,2001-02-01
ep-00004,ep-00004-th-006,R792,Riley Miller,2001-10-17
ep-00004,ep-00004-th-007,N870,Taylor Lee,2001-10-08
ep-00004,ep-00004-th-008,Z472,Cameron Lee,2001-08-13
ep-00004,ep-00004-th-009,M338,Avery Garcia,2001-11-12
ep-00004,ep-00004-th-010,B890,Jordan Kim,2001-11-26
ep-00004,ep-00004-th-011,X482,Riley Garcia,2001-09-15
ep-00004,ep-00004-th-012,B475,Morgan Kim,2001-05-15
ep-00004,ep-00004-th-013,B236,Riley Garcia,2001-08-16
ep-00004,ep-00004-th-014,O471,Morgan Clark,2001-12-08
ep-00004,ep-00004-th-015,R971,Alex Miller,2001-06-28
ep-00004,ep-00004-th-016,P853,Jordan Patel,2001-12-15
ep-00004,ep-00004-th-017,O252,Sam Clark,2001-04-17
ep-00004,ep-00004-th-018,I336,Jordan Khan,2001-12-04
ep-00004,ep-00004-th-019,J606,Taylor Miller,2001-04-02
ep-00004,ep-00004-th-020,I637,Jordan Clark,2001-01-02
ep-00004,ep-00004-th-021,N560,Sam Kim,2001-01-19
ep-00004,ep-00004-th-022,J206,Taylor Khan,2001-04-26
ep-00004,ep-00004-th-023,G267,Sam Garcia,2001-02-17
ep-00004,ep-00004-th-024,I745,Morgan Chen,2001-06-05
ep-00004,ep-00004-th-025,S193,Riley Khan,2001-10-13
ep-00004,ep-00004-th-026,I884,Sam Chen,2001-10-26
ep-00004,ep-00004-th-027,X178,Cameron Patel,2001-08-27
ep-00004,ep-00004-th-028,R951,Taylor Garcia,2001-04-10
ep-00004,ep-00004-th-029,R506,Riley Chen,2001-04-06
ep-00004,ep-00004-th-030,O907,Cameron Kim,2001-06-20
ep-00004,ep-00004-th-031,P160,Casey Lee,2001-02-19
ep-00004,ep-00004-th-032,C404,Casey Shah,2001-06-03
ep-00004,ep-00004-th-033,U953,Cameron Miller,2001-05-25
ep-00004,ep-00004-th-034,M222,Cameron Garcia,2001-12-11
ep-00004,ep-00004-th-035,W582,Morgan Kim,2001-11-02
ep-00004,ep-00004-th-036,M431,Casey Kim,2001-08-11
ep-00004,ep-00004-th-037,E277,Jamie Kim,2001-04-18
ep-00004,ep-00004-th-038,I448,Sam Garcia,2001-09-15
ep-00004,ep-00004-th-039,Z793,Alex Garcia,2001-04-17
ep-00004,ep-00004-th-040,G968,Sam Brown,2001-02-26
ep-00004,ep-00004-th-041,X813,Taylor Lee,2001-09-13
ep-00004,ep-00004-th-042,Z727,Casey Khan,2001-10-13
ep-00004,ep-00004-th-043,A183,Morgan Brown,2001-01-04
ep-00004,ep-00004-th-044,S775,Alex Brown,2001-01-21
ep-00004,ep-00004-th-045,V881,Casey Shah,2001-12-18
ep-00004,ep-00004-th-046,L778,Casey Clark,2001-07-25
ep-00004,ep-00004-th-047,B132,Alex Brown,2001-09-07
ep-00004,ep-00004-th-048,E873,Riley Shah,2001-06-12
ep-00004,ep-00004-th-049,A269,Cameron Garcia,2001-09-20
ep-00004,ep-00004-th-050,I283,Jamie Lee,2001-06-25
ep-00004,ep-00004-th-051,S787,Alex Patel,2001-04-09
ep-00004,ep-00004-th-052,F973,Jordan Miller,2001-08-18
ep-00004,ep-00004-th-053,F376,Jamie Kim,2001-09-02
ep-00004,ep-00004-th-054,B754,Jamie Lee,2001-11-01
ep-00004,ep-00004-th-055,Y755,Avery Khan,2001-04-22
ep-00004,ep-00004-th-056,F524,Sam Chen,2001-11-13
ep-00004,ep-00004-th-057,C391,Riley Brown,2001-07-13
ep-00004,ep-00004-th-058,H637,Jamie Clark,2001-08-28
ep-00004,ep-00004-th-059,V170,Taylor Garcia,2001-01-06
ep-00004,ep-00004-th-060,T416,Jordan Kim,2001-04-05
ep-00004,ep-00004-th-061,C786,Cameron Chen,2001-08-26
ep-00004,ep-00004-th-062,V129,Avery Lee,2001-01-12
ep-00004,ep-00004-th-063,T172,Sam Kim,2001-05-28
ep-00004,ep-00004-th-064,I287,Jordan Patel,2001-02-17
ep-00004,ep-00004-th-065,K547,Cameron Brown,2001-02-11
ep-00004,ep-00004-th-066,I843,Taylor Patel,2001-09-12
ep-00004,ep-00004-th-067,C720,Sam Clark,2001-10-11
ep-00004,ep-00004-th-068,O610,Jamie Lee,2001-04-05
ep-00004,ep-00004-th-069,S162,Casey Miller,2001-12-09
ep-00004,ep-00004-th-070,A750,Alex Lee,2001-12-25
ep-00005,ep-00005-th-001,M886,Jordan Patel,2001-10-23
ep-00005,ep-00005-th-002,O128,Avery Garcia,2001-12-25
ep-00005,ep-00005-th-003,W719,Jamie Brown,2001-01-11
ep-00005,ep-00005-th-004,S830,Casey Miller,2001-01-14
ep-00005,ep-00005-th-005,N902,Taylor Kim,2001-05-05
ep-00005,ep-00005-th-006,O677,Cameron Khan,2001-01-07
ep-00005,ep-00005-th-007,H324,Cameron Patel,2001-01-25
ep-00005,ep-00005-th-008,Y303,Taylor Brown,2001-07-28
ep-00005,ep-00005-th-009,K110,Morgan Brown,2001-07-15
ep-00005,ep-00005-th-010,X825,Sam Garcia,2001-09-12
ep-00005,ep-00005-th-011,L250,Sam Miller,2001-11-22
ep-00005,ep-00005-th-012,I222,Jordan Garcia,2001-07-26
ep-00005,ep-00005-th-013,X102,Riley Kim,2001-03-16
ep-00005,ep-00005-th-014,A400,Casey Kim,2001-08-13
ep-00005,ep-00005-th-015,U263,Alex Brown,2001-04-20
ep-00005,ep-00005-th-016,C617,Avery Lee,2001-04-24
ep-00005,ep-00005-th-017,N257,Sam Miller,2001-11-11
ep-00005,ep-00005-th-018,M803,Jordan Kim,2001-10-06
ep-00005,ep-00005-th-019,U546,Avery Lee,2001-12-07
ep-00005,ep-00005-th-020,A750,Casey Clark,2001-02-03
ep-00005,ep-00005-th-021,O892,Morgan Miller,2001-11-25
ep-00005,ep-00005-th-022,N727,Casey Shah,2001-07-15
ep-00005,ep-00005-th-023,L686,Riley Khan,2001-08-03
ep-00005,ep-00005-th-024,P383,Alex Lee,2001-08-27
ep-00005,ep-00005-th-025,N500,Alex Shah,2001-01-24
ep-00005,ep-00005-th-026,V990,Sam Patel,2001-04-23
ep-00005,ep-00005-th-027,F897,Jordan Lee,2001-03-22
ep-00005,ep-00005-th-028,P418,Jamie Shah,2001-07-15
ep-00005,ep-00005-th-029,C333,Casey Patel,2001-06-04
ep-00005,ep-00005-th-030,U192,Alex Shah,2001-03-10
ep-00005,ep-00005-th-031,I294,Riley Shah,2001-03-20
ep-00005,ep-00005-th-032,S584,Casey Khan,2001-06-11
ep-00005,ep-00005-th-033,O851,Riley Lee,2001-06-21
ep-00005,ep-00005-th-034,F988,Cameron Clark,2001-01-17
ep-00005,ep-00005-th-035,N663,Cameron Garcia,2001-07-20
ep-00005,ep-00005-th-036,T792,Taylor Khan,2001-01-14
ep-00005,ep-00005-th-037,P155,Morgan Brown,2001-08-04
ep-00005,ep-00005-th-038,H320,Jamie Garcia,2001-07-21
ep-00005,ep-00005-th-039,U265,Avery Patel,2001-01-02
ep-00005,ep-00005-th-040,F885,Sam Shah,2001-06-02
ep-00005,ep-00005-th-041,L125,Morgan Brown,2001-07-08
ep-00005,ep-00005-th-042,T636,Sam Chen,2001-02-26
ep-00005,ep-00005-th-043,T358,Jamie Shah,2001-08-02
ep-00005,ep-00005-th-044,W959,Avery Khan,2001-12-21
ep-00005,ep-00005-th-045,B518,Sam Kim,2001-10-23
ep-00005,ep-00005-th-046,N761,Jordan Kim,2001-11-13
ep-00005,ep-00005-th-047,O516,Sam Clark,2001-10-20
ep-00005,ep-00005-th-048,J678,Avery Shah,2001-06-08
ep-00005,ep-00005-th-049,N434,Jamie Lee,2001-03-23
ep-00005,ep-00005-th-050,J489,Casey Chen,2001-10-07
ep-00005,ep-00005-th-051,T288,Taylor Brown,2001-11-07
ep-00005,ep-00005-th-052,P157,Alex Miller,2001-09-11
ep-00005,ep-00005-th-053,Q441,Sam Chen,2001-04-23
ep-00005,ep-00005-th-054,K388,Casey Miller,2001-04-27
ep-00005,ep-00005-th-055,M694,Avery Chen,2001-03-21
ep-00005,ep-00005-th-056,A511,Avery Chen,2001-09-15
ep-00005,ep-00005-th-057,F385,Casey Patel,2001-05-12
ep-00005,ep-00005-th-058,V211,Cameron Chen,2001-08-16
ep-00005,ep-00005-th-059,H936,Sam Lee,2001-10-18
ep-00005,ep-00005-th-060,X511,Alex Lee,2001-06-07
ep-00005,ep-00005-th-061,X206,Cameron Kim,2001-02-08
ep-00005,ep-00005-th-062,D460,Taylor Brown,2001-07-01
ep-00005,ep-00005-th-063,D245,Jordan Lee,2001-04-16
ep-00005,ep-00005-th-064,I395,Morgan Brown,2001-04-07
ep-00005,ep-00005-th-065,K121,Morgan Khan,2001-05-04
ep-00005,ep-00005-th-066,S214,Jordan Patel,2001-11-28
ep-00005,ep-00005-th-067,O655,Jamie Shah,2001-07-28
ep-00005,ep-00005-th-068,T179,Taylor Khan,2001-05-06
ep-00005,ep-00005-th-069,W660,Casey Chen,2001-02-11
ep-00005,ep-00005-th-070,L937,Taylor Patel,2001-06-28
ep-00006,ep-00006-th-001,W371,Morgan Patel,2001-12-15
ep-00006,ep-00006-th-002,O471,Sam Khan,2001-06-19
ep-00006,ep-00006-th-003,A348,Cameron Lee,2001-02-23
ep-00006,ep-00006-th-004,I346,Casey Patel,2001-01-01
ep-00006,ep-00006-th-005,C242,Jamie Kim,2001-01-01
ep-00006,ep-00006-th-006,M855,Taylor Lee,2001-03-14
ep-00006,ep-00006-th-007,E979,Riley Garcia,2001-12-10
ep-00006,ep-00006-th-008,D943,Avery Garcia,2001-08-05
ep-00006,ep-00006-th-009,Q720,Riley Brown,2001-09-16
ep-00006,ep-00006-th-010,V261,Morgan Chen,2001-07-04
ep-00006,ep-00006-th-011,I957,Jordan Shah,2001-08-14
ep-00006,ep-00006-th-012,A130,Sam Patel,2001-02-05
ep-00006,ep-00006-th-013,E853,Jamie Lee,2001-08-04
ep-00006,ep-00006-th-014,K134,Alex Patel,2001-06-13
ep-00006,ep-00006-th-015,J657,Riley Miller,2001-07-16
ep-00006,ep-00006-th-016,M313,Morgan Lee,2001-12-11
ep-00006,ep-00006-th-017,T960,Morgan Clark,2001-06-04
ep-00006,ep-00006-th-018,A221,Avery Chen,2001-04-13
ep-00006,ep-00006-th-019,G882,Avery Lee,2001-09-10
ep-00006,ep-00006-th-020,B929,Alex Kim,2001-01-14
ep-00006,ep-00006-th-021,P388,Alex Patel,2001-12-23
ep-00006,ep-00006-th-022,Y577,Casey Miller,2001-08-13
ep-00006,ep-00006-th-023,H536,Alex Patel,2001-09-25
ep-00006,ep-00006-th-024,C187,Alex Miller,2001-04-10
ep-00006,ep-00006-th-025,A974,Morgan Miller,2001-09-04
ep-00006,ep-00006-th-026,U594,Jamie Kim,2001-11-27
ep-00006,ep-00006-th-027,K183,Cameron Clark,2001-07-17
ep-00006,ep-00006-th-028,F160,Avery Chen,2001-04-20
ep-00006,ep-00006-th-029,A171,Sam Chen,2001-05-06
ep-00006,ep-00006-th-030,J400,Casey Brown,2001-11-23
ep-00006,ep-00006-th-031,H911,Casey Patel,2001-05-21
ep-00006,ep-00006-th-032,V436,Jordan Patel,2001-02-20
ep-00006,ep-00006-th-033,N505,Jamie Clark,2001-10-04
ep-00006,ep-00006-th-034,P893,Riley Garcia,2001-05-25
ep-00006,ep-00006-th-035,A572,Jordan Clark,2001-01-01
ep-00006,ep-00006-th-036,I279,Morgan Kim,2001-05-16
ep-00006,ep-00006-th-037,O940,Morgan Brown,2001-09-05
ep-00006,ep-00006-th-038,R874,Taylor Patel,2001-05-08
ep-00006,ep-00006-th-039,P876,Casey Patel,2001-04-20
ep-00006,ep-00006-th-040,I627,Jamie Garcia,2001-08-12
ep-00006,ep-00006-th-041,D434,Morgan Lee,2001-11-15
ep-00006,ep-00006-th-042,A880,Cameron Lee,2001-02-11
ep-00006,ep-00006-th-043,N752,Morgan Shah,2001-01-19
ep-00006,ep-00006-th-044,X573,Morgan Kim,2001-12-01
ep-00006,ep-00006-th-045,H224,Cameron Chen,2001-12-19
ep-00006,ep-00006-th-046,O565,Sam Brown,2001-09-28
ep-00006,ep-00006-th-047,O944,Avery Brown,2001-06-04
ep-00006,ep-00006-th-048,G890,Jordan Garcia,2001-09-07
ep-00006,ep-00006-th-049,Z683,Alex Kim,2001-09-25
ep-00006,ep-00006-th-050,Y865,Alex Miller,2001-02-03
ep-00006,ep-00006-th-051,R529,Jamie Clark,2001-01-15
ep-00006,ep-00006-th-052,V495,Casey Chen,2001-11-02
ep-00006,ep-00006-th-053,W833,Cameron Chen,2001-07-11
ep-00006,ep-00006-th-054,G887,Casey Miller,2001-02-23
ep-00006,ep-00006-th-055,R996,Jordan Brown,2001-07-16
ep-00006,ep-00006-th-056,B525,Sam Shah,2001-03-13
ep-00006,ep-00006-th-057,Q157,Riley Miller,2001-01-02
ep-00006,ep-00006-th-058,W354,Cameron Chen,2001-05-08
ep-00006,ep-00006-th-059,R198,Morgan Garcia,2001-02-10
ep-00006,ep-00006-th-060,N709,Alex Clark,2001-11-20
ep-00006,ep-00006-th-061,Y484,Cameron Miller,2001-07-06
ep-00006,ep-00006-th-062,O910,Avery Chen,2001-03-21
ep-00006,ep-00006-th-063,B235,Casey Khan,2001-04-13
ep-00006,ep-00006-th-064,I496,Alex Brown,2001-08-09
ep-00006,ep-00006-th-065,G784,Jordan Lee,2001-01-25
ep-00006,ep-00006-th-066,J191,Cameron Patel,2001-05-01
ep-00006,ep-00006-th-067,R728,Riley Kim,2001-04-27
ep-00006,ep-00006-th-068,V133,Jamie Clark,2001-07-18
ep-00006,ep-00006-th-069,A127,Alex Patel,2001-12-18
ep-00006,ep-00006-th-070,U365,Avery Patel,2001-11-01
ep-00006,ep-00006-th-071,A170,Riley Kim,2001-06-14
ep-00006,ep-00006-th-072,U413,Alex Garcia,2001-04-21
ep-00006,ep-00006-th-073,T182,Riley Lee,2001-08-11
ep-00006,ep-00006-th-074,H534,Taylor Miller,2001-12-23
ep-00006,ep-00006-th-075,L552,Morgan Miller,2001-07-14
ep-00006,ep-00006-th-076,K437,Casey Shah,2001-06-23
ep-00006,ep-00006-th-077,V485,Avery Patel,2001-12-09
ep-00006,ep-00006-th-078,O354,Morgan Garcia,2001-09-03
ep-00006,ep-00006-th-079,V912,Casey Brown,2001-09-06
ep-00006,ep-00006-th-080,T296,Jamie Garcia,2001-09-23
ep-00006,ep-00006-th-081,F655,Morgan Kim,2001-08-28
ep-00006,ep-00006-th-082,A960,Cameron Brown,2001-08-11
ep-00006,ep-00006-th-083,D613,Cameron Kim,2001-09-21
ep-00006,ep-00006-th-084,T405,Taylor Chen,2001-11-26
ep-00006,ep-00006-th-085,K972,Casey Garcia,2001-01-18
ep-00006,ep-00006-th-086,Q970,Riley Lee,2001-07-21
ep-00006,ep-00006-th-087,M485,Cameron Shah,2001-09-13
ep-00006,ep-00006-th-088,H566,Avery Shah,2001-09-04
ep-00006,ep-00006-th-089,Z319,Avery Chen,2001-12-25
ep-00006,ep-00006-th-090,T923,Jamie Clark,2001-03-02
ep-00006,ep-00006-th-091,O828,Riley Brown,2001-07-18
ep-00006,ep-00006-th-092,W856,Jordan Brown,2001-05-23
ep-00006,ep-00006-th-093,N991,Morgan Shah,2001-02-27
ep-00006,ep-00006-th-094,D440,Cameron Khan,2001-06-14
ep-00006,ep-00006-th-095,B980,Alex Lee,2001-06-01
ep-00006,ep-00006-th-096,E664,Riley Kim,2001-10-18
ep-00006,ep-00006-th-097,F740,Casey Clark,2001-02-07
ep-00006,ep-00006-th-098,H406,Cameron Miller,2001-07-16
ep-00006,ep-00006-th-099,X501,Sam Patel,2001-04-19
ep-00006,ep-00006-th-100,M479,Morgan Khan,2001-12-05
ep-00006,ep-00006-th-101,C319,Cameron Chen,2001-11-19
ep-00006,ep-00006-th-102,O353,Taylor Patel,2001-07-08
ep-00006,ep-00006-th-103,H135,Riley Khan,2001-06-16
ep-00006,ep-00006-th-104,Y559,Jamie Chen,2001-07-15
ep-00006,ep-00006-th-105,S643,Casey Lee,2001-11-25
ep-00007,ep-00007-th-001,H976,Sam Lee,2001-07-28
ep-00007,ep-00007-th-002,C863,Cameron Khan,2001-06-08
ep-00007,ep-00007-th-003,N228,Cameron Shah,2001-06-15
ep-00007,ep-00007-th-004,S570,Cameron Khan,2001-12-18
ep-00007,ep-00007-th-005,T379,Alex Chen,2001-11-04
ep-00007,ep-00007-th-006,O272,Morgan Patel,2001-09-23
ep-00007,ep-00007-th-007,T733,Sam Brown,2001-02-11
ep-00007,ep-00007-th-008,N700,Alex Clark,2001-06-25
ep-00007,ep-00007-th-009,N591,Jamie Clark,2001-02-15
ep-00007,ep-00007-th-010,A526,Cameron Clark,2001-04-11
ep-00007,ep-00007-th-011,O455,Jordan Garcia,2001-05-15
ep-00007,ep-00007-th-012,X589,Taylor Shah,2001-10-13
ep-00007,ep-00007-th-013,M295,Cameron Clark,2001-03-10
ep-00007,ep-00007-th-014,H929,Alex Kim,2001-04-16
ep-00007,ep-00007-th-015,G582,Riley Clark,2001-02-04
ep-00007,ep-00007-th-016,C918,Jamie Brown,2001-10-17
ep-00007,ep-00007-th-017,G558,Riley Lee,2001-08-14
ep-00007,ep-00007-th-018,B336,Morgan Garcia,2001-04-19
ep-00007,ep-00007-th-019,K547,Riley Lee,2001-05-03
ep-00007,ep-00007-th-020,Y266,Cameron Patel,2001-04-18
ep-00007,ep-00007-th-021,V259,Sam Clark,2001-04-06
ep-00007,ep-00007-th-022,T181,Cameron Clark,2001-11-09
ep-00007,ep-00007-th-023,C482,Taylor Khan,2001-08-27
ep-00007,ep-00007-th-024,T742,Jordan Lee,2001-01-17
ep-00007,ep-00007-th-025,F989,Jordan Khan,2001-09-03
ep-00007,ep-00007-th-026,B455,Taylor Garcia,2001-07-04
ep-00007,ep-00007-th-027,D724,Avery Kim,2001-12-10
ep-00007,ep-00007-th-028,I181,Morgan Chen,2001-08-05
ep-00007,ep-00007-th-029,E488,Alex Patel,2001-08-27
ep-00007,ep-00007-th-030,O230,Avery Brown,2001-09-06
ep-00007,ep-00007-th-031,P168,Jamie Kim,2001-11-02
ep-00007,ep-00007-th-032,Q225,Jamie Chen,2001-12-19
ep-00007,ep-00007-th-033,J178,Casey Chen,2001-01-17
ep-00007,ep-00007-th-034,F310,Alex Garcia,2001-03-03
ep-00007,ep-00007-th-035,L297,Jordan Chen,2001-01-28
ep-00007,ep-00007-th-036,M995,Cameron Khan,2001-07-12
ep-00007,ep-00007-th-037,S172,Cameron Garcia,2001-01-07
ep-00007,ep-00007-th-038,G112,Jamie Lee,2001-11-13
ep-00007,ep-00007-th-039,S405,Jordan Patel,2001-08-21
ep-00007,ep-00007-th-040,G421,Avery Clark,2001-05-07
ep-00007,ep-00007-th-041,H584,Casey Patel,2001-01-14
ep-00007,ep-00007-th-042,U237,Morgan Patel,2001-03-18
ep-00007,ep-00007-th-043,H337,Avery Patel,2001-03-27
ep-00007,ep-00007-th-044,O138,Morgan Brown,2001-04-16
ep-00007,ep-00007-th-045,Q325,Cameron Chen,2001-12-03
ep-00007,ep-00007-th-046,I748,Cameron Kim,2001-12-06
ep-00007,ep-00007-th-047,K383,Morgan Khan,2001-09-23
ep-00007,ep-00007-th-048,G951,Morgan Shah,2001-09-19
ep-00007,ep-00007-th-049,P531,Jamie Khan,2001-05-15
ep-00007,ep-00007-th-050,E419,Riley Shah,2001-03-16
ep-00007,ep-00007-th-051,V211,Alex Garcia,2001-08-09
ep-00007,ep-00007-th-052,V861,Casey Garcia,2001-01-24
ep-00007,ep-00007-th-053,X497,Casey Miller,2001-09-04
ep-00007,ep-00007-th-054,R931,Riley Chen,2001-07-08
ep-00007,ep-00007-th-055,R317,Taylor Kim,2001-05-11
ep-00007,ep-00007-th-056,C745,Morgan Khan,2001-03-19
ep-00007,ep-00007-th-057,E591,Morgan Chen,2001-08-24
ep-00007,ep-00007-th-058,I863,Jordan Kim,2001-04-27
ep-00007,ep-00007-th-059,D455,Morgan Clark,2001-06-28
ep-00007,ep-00007-th-060,T732,Riley Patel,2001-06-17
ep-00007,ep-00007-th-061,F206,Jordan Miller,2001-08-08
ep-00007,ep-00007-th-062,T724,Cameron Khan,2001-11-06
ep-00007,ep-00007-th-063,U453,Morgan Shah,2001-08-12
ep-00007,ep-00007-th-064,Z257,Alex Lee,2001-10-12
ep-00007,ep-00007-th-065,L683,Morgan Brown,2001-01-05
ep-00007,ep-00007-th-066,Y505,Jordan Garcia,2001-05-08
ep-00007,ep-00007-th-067,H755,Jordan Garcia,2001-06-16
ep-00007,ep-00007-th-068,W929,Sam Brown,2001-01-18
ep-00007,ep-00007-th-069,D165,Jamie Patel,2001-06-03
ep-00007,ep-00007-th-070,T787,Casey Clark,2001-06-06
ep-00007,ep-00007-th-071,D297,Sam Garcia,2001-03-17
ep-00007,ep-00007-th-072,D658,Taylor Shah,2001-07-26
ep-00007,ep-00007-th-073,L365,Casey Shah,2001-06-16
ep-00007,ep-00007-th-074,M374,Taylor Khan,2001-09-03
ep-00007,ep-00007-th-075,Z740,Alex Miller,2001-08-26
ep-00007,ep-00007-th-076,M566,Taylor Garcia,2001-08-24
ep-00007,ep-00007-th-077,X792,Jamie Brown,2001-05-22
ep-00007,ep-00007-th-078,I340,Cameron Brown,2001-05-25
ep-00007,ep-00007-th-079,Z385,Casey Chen,2001-09-27
ep-00007,ep-00007-th-080,O817,Casey Clark,2001-05-11
ep-00007,ep-00007-th-081,K995,Jamie Patel,2001-01-15
ep-00007,ep-00007-th-082,U530,Casey Miller,2001-07-26
ep-00007,ep-00007-th-083,Q757,Riley Shah,2001-01-12
ep-00007,ep-00007-th-084,D558,Jordan Brown,2001-05-01
ep-00007,ep-00007-th-085,D552,Alex Clark,2001-10-20
ep-00007,ep-00007-th-086,E815,Jamie Garcia,2001-01-15
ep-00007,ep-00007-th-087,U130,Alex Garcia,2001-07-14
ep-00007,ep-00007-th-088,L329,Alex Lee,2001-02-20
ep-00007,ep-00007-th-089,U491,Alex Chen,2001-12-07
ep-00007,ep-00007-th-090,M583,Taylor Chen,2001-06-14
ep-00007,ep-00007-th-091,S622,Alex Lee,2001-05-26
ep-00007,ep-00007-th-092,A163,Jamie Chen,2001-03-06
ep-00007,ep-00007-th-093,R570,Jamie Kim,2001-07-25
ep-00007,ep-00007-th-094,I456,Jordan Shah,2001-01-07
ep-00007,ep-00007-th-095,S117,Avery Chen,2001-05-16
ep-00007,ep-00007-th-096,Q513,Cameron Khan,2001-03-20
ep-00007,ep-00007-th-097,H995,Sam Kim,2001-09-23
ep-00007,ep-00007-th-098,D599,Taylor Shah,2001-07-28
ep-00007,ep-00007-th-099,Y687,Jamie Clark,2001-03-21
ep-00007,ep-00007-th-100,U214,Cameron Shah,2001-05-14
ep-00007,ep-00007-th-101,M925,Avery Clark,2001-08-03
ep-00007,ep-00007-th-102,X220,Jordan Lee,2001-12-14
ep-00007,ep-00007-th-103,G172,Morgan Miller,2001-12-16
ep-00007,ep-00007-th-104,P851,Avery Kim,2001-12-15
ep-00007,ep-00007-th-105,Y205,Alex Clark,2001-09-05
ep-00008,ep-00008-th-001,C588,Morgan Khan,2001-10-26
ep-00008,ep-00008-th-002,W469,Riley Lee,2001-07-02
ep-00008,ep-00008-th-003,S969,Jamie Clark,2001-03-28
ep-00008,ep-00008-th-004,O706,Riley Shah,2001-04-18
ep-00008,ep-00008-th-005,R870,Morgan Brown,2001-07-04
ep-00008,ep-00008-th-006,C118,Jamie Chen,2001-11-20
ep-00008,ep-00008-th-007,D189,Taylor Khan,2001-01-06
ep-00008,ep-00008-th-008,A471,Avery Shah,2001-06-05
ep-00008,ep-00008-th-009,J571,Sam Miller,2001-12-06
ep-00008,ep-00008-th-010,G213,Riley Chen,2001-04-07
ep-00008,ep-00008-th-011,B528,Jamie Kim,2001-01-14
ep-00008,ep-00008-th-012,R410,Sam Patel,2001-09-25
ep-00008,ep-00008-th-013,U565,Riley Garcia,2001-01-11
ep-00008,ep-00008-th-014,S681,Avery Khan,2001-03-01
ep-00008,ep-00008-th-015,H887,Cameron Lee,2001-02-16
ep-00008,ep-00008-th-016,R983,Riley Kim,2001-01-18
ep-00008,ep-00008-th-017,O928,Casey Brown,2001-04-03
ep-00008,ep-00008-th-018,W842,Jordan Miller,2001-05-13
ep-00008,ep-00008-th-019,W856,Jordan Garcia,2001-10-26
ep-00008,ep-00008-th-020,C849,Morgan Brown,2001-01-20
ep-00008,ep-00008-th-021,R695,Riley Khan,2001-11-21
ep-00008,ep-00008-th-022,Z706,Jamie Brown,2001-10-02
ep-00008,ep-00008-th-023,N482,Avery Lee,2001-08-06
ep-00008,ep-00008-th-024,W865,Sam Clark,2001-06-28
ep-00008,ep-00008-th-025,S130,Sam Chen,2001-03-04
ep-00008,ep-00008-th-026,Z881,Morgan Kim,2001-03-26
ep-00008,ep-00008-th-027,I111,Taylor Chen,2001-08-10
ep-00008,ep-00008-th-028,X678,Avery Garcia,2001-08-11
ep-00008,ep-00008-th-029,S770,Taylor Khan,2001-11-26
ep-00008,ep-00008-th-030,F745,Jordan Patel,2001-12-05
ep-00008,ep-00008-th-031,W487,Taylor Lee,2001-09-21
ep-00008,ep-00008-th-032,M828,Taylor Brown,2001-04-17
ep-00008,ep-00008-th-033,D528,Casey Brown,2001-06-19
ep-00008,ep-00008-th-034,N354,Sam Shah,2001-12-22
ep-00008,ep-00008-th-035,Q928,Cameron Brown,2001-02-18
ep-00008,ep-00008-th-036,Q349,Cameron Clark,2001-04-14
ep-00008,ep-00008-th-037,F260,Sam Garcia,2001-04-05
ep-00008,ep-00008-th-038,L660,Taylor Brown,2001-04-20
ep-00008,ep-00008-th-039,Q963,Alex Clark,2001-05-02
ep-00008,ep-00008-th-040,R254,Jordan Khan,2001-03-16
ep-00008,ep-00008-th-041,F211,Alex Lee,2001-06-13
ep-00008,ep-00008-th-042,B414,Sam Brown,2001-12-20
ep-00008,ep-00008-th-043,X272,Sam Miller,2001-04-24
ep-00008,ep-00008-th-044,M280,Cameron Brown,2001-10-13
ep-00008,ep-00008-th-045,D712,Jordan Shah,2001-06-23
ep-00008,ep-00008-th-046,W466,Cameron Patel,2001-02-28
ep-00008,ep-00008-th-047,O505,Jordan Kim,2001-09-24
ep-00008,ep-00008-th-048,X466,Morgan Patel,2001-01-13
ep-00008,ep-00008-th-049,P193,Morgan Shah,2001-10-27
ep-00008,ep-00008-th-050,I452,Cameron Shah,2001-04-20
ep-00008,ep-00008-th-051,E503,Taylor Khan,2001-01-24
ep-00008,ep-00008-th-052,H132,Jamie Shah,2001-02-02
ep-00008,ep-00008-th-053,C467,Jordan Miller,2001-01-23
ep-00008,ep-00008-th-054,W744,Avery Khan,2001-01-10
ep-00008,ep-00008-th-055,T405,Riley Miller,2001-12-10
ep-00008,ep-00008-th-056,J121,Sam Kim,2001-06-12
ep-00008,ep-00008-th-057,W795,Riley Lee,2001-06-21
ep-00008,ep-00008-th-058,G481,Riley Miller,2001-11-13
ep-00008,ep-00008-th-059,K444,Jamie Chen,2001-05-05
ep-00008,ep-00008-th-060,M313,Casey Clark,2001-10-14
ep-00008,ep-00008-th-061,Z981,Morgan Miller,2001-05-25
ep-00008,ep-00008-th-062,J332,Jordan Clark,2001-04-23
ep-00008,ep-00008-th-063,C550,Morgan Chen,2001-03-03
ep-00008,ep-00008-th-064,J522,Riley Chen,2001-03-08
ep-00008,ep-00008-th-065,P491,Avery Chen,2001-07-02
ep-00008,ep-00008-th-066,F864,Taylor Chen,2001-08-02
ep-00008,ep-00008-th-067,N411,Jordan Chen,2001-06-06
ep-00008,ep-00008-th-068,O770,Sam Khan,2001-08-22
ep-00008,ep-00008-th-069,B789,Taylor Miller,2001-10-08
ep-00008,ep-00008-th-070,G153,Jamie Miller,2001-05-05
ep-00008,ep-00008-th-071,I462,Avery Patel,2001-05-18
ep-00008,ep-00008-th-072,G895,Avery Garcia,2001-09-22
ep-00008,ep-00008-th-073,R267,Alex Garcia,2001-02-09
ep-00008,ep-00008-th-074,Q629,Sam Lee,2001-03-13
ep-00008,ep-00008-th-075,U428,Sam Brown,2001-01-07
ep-00008,ep-00008-th-076,A572,Morgan Brown,2001-08-12
ep-00008,ep-00008-th-077,W925,Jordan Khan,2001-03-07
ep-00008,ep-00008-th-078,N126,Taylor Patel,2001-06-23
ep-00008,ep-00008-th-079,Y290,Casey Chen,2001-05-18
ep-00008,ep-00008-th-080,Z464,Alex Khan,2001-12-10
ep-00008,ep-00008-th-081,N875,Casey Chen,2001-12-24
ep-00008,ep-00008-th-082,N245,Morgan Shah,2001-04-16
ep-00008,ep-00008-th-083,R176,Casey Miller,2001-03-16
ep-00008,ep-00008-th-084,S139,Jamie Kim,2001-05-19
ep-00008,ep-00008-th-085,A115,Morgan Khan,2001-01-23
ep-00008,ep-00008-th-086,B539,Morgan Chen,2001-01-22
ep-00008,ep-00008-th-087,H793,Jamie Brown,2001-04-19
ep-00008,ep-00008-th-088,Z929,Avery Kim,2001-08-12
ep-00008,ep-00008-th-089,Z954,Cameron Patel,2001-04-20
ep-00008,ep-00008-th-090,T414,Jordan Patel,2001-09-13
ep-00008,ep-00008-th-091,M833,Alex Miller,2001-04-27
ep-00008,ep-00008-th-092,Y551,Taylor Kim,2001-03-28
ep-00008,ep-00008-th-093,E501,Morgan Shah,2001-11-16
ep-00008,ep-00008-th-094,T609,Morgan Patel,2001-03-13
ep-00008,ep-00008-th-095,B384,Morgan Chen,2001-10-28
ep-00008,ep-00008-th-096,S171,Morgan Miller,2001-08-13
ep-00008,ep-00008-th-097,L464,Casey Patel,2001-07-06
ep-00008,ep-00008-th-098,R877,Casey Garcia,2001-12-19
ep-00008,ep-00008-th-099,L125,Alex Kim,2001-03-21
ep-00008,ep-00008-th-100,N998,Casey Khan,2001-07-11
ep-00008,ep-00008-th-101,S504,Sam Chen,2001-08-11
ep-00008,ep-00008-th-102,S981,Morgan Kim,2001-05-24
ep-00008,ep-00008-th-103,E975,Morgan Clark,2001-10-22
ep-00008,ep-00008-th-104,X266,Casey Lee,2001-04-02
ep-00008,ep-00008-th-105,R646,Riley Patel,2001-04-19
ep-00008,ep-00008-th-106,V896,Alex Chen,2001-01-23
ep-00008,ep-00008-th-107,D839,Jordan Lee,2001-11-13
ep-00008,ep-00008-th-108,L681,Sam Shah,2001-06-08
ep-00008,ep-00008-th-109,K105,Taylor Brown,2001-02-04
ep-00008,ep-00008-th-110,R484,Jordan Miller,2001-10-01
ep-00008,ep-00008-th-111,F432,Riley Lee,2001-10-09
ep-00008,ep-00008-th-112,D876,Alex Patel,2001-12-15
ep-00008,ep-00008-th-113,M717,Jamie Shah,2001-01-16
ep-00008,ep-00008-th-114,H826,Casey Patel,2001-11-08
ep-00008,ep-00008-th-115,H941,Riley Clark,2001-08-26
ep-00008,ep-00008-th-116,C639,Sam Garcia,2001-03-06
ep-00008,ep-00008-th-117,L925,Jamie Garcia,2001-06-15
ep-00008,ep-00008-th-118,G568,Jamie Kim,2001-08-20
ep-00008,ep-00008-th-119,N362,Casey Miller,2001-03-17
ep-00008,ep-00008-th-120,R389,Taylor Clark,2001-05-17
ep-00008,ep-00008-th-121,D932,Casey Miller,2001-08-10
ep-00008,ep-00008-th-122,I730,Cameron Patel,2001-11-24
ep-00008,ep-00008-th-123,C197,Jamie Clark,2001-05-18
ep-00008,ep-00008-th-124,Z390,Sam Khan,2001-04-14
ep-00008,ep-00008-th-125,L570,Sam Shah,2001-09-06
ep-00008,ep-00008-th-126,M151,Sam Khan,2001-07-18
ep-00008,ep-00008-th-127,X741,Riley Miller,2001-06-18
ep-00008,ep-00008-th-128,H900,Jordan Clark,2001-11-04
ep-00008,ep-00008-th-129,S989,Casey Garcia,2001-11-15
ep-00008,ep-00008-th-130,D324,Jamie Chen,2001-03-23
ep-00008,ep-00008-th-131,D296,Morgan Lee,2001-05-26
ep-00008,ep-00008-th-132,Y883,Taylor Lee,2001-10-11
ep-00008,ep-00008-th-133,T207,Jamie Brown,2001-12-03
ep-00008,ep-00008-th-134,K989,Taylor Shah,2001-02-21
ep-00008,ep-00008-th-135,H614,Cameron Shah,2001-06-06
ep-00008,ep-00008-th-136,I863,Sam Shah,2001-06-09
ep-00008,ep-00008-th-137,S425,Sam Brown,2001-10-25
ep-00008,ep-00008-th-138,Q695,Riley Kim,2001-04-14
ep-00008,ep-00008-th-139,Q680,Jordan Miller,2001-05-25
ep-00008,ep-00008-th-140,S983,Jamie Brown,2001-03-12
ep-00009,ep-00009-th-001,V483,Casey Patel,2001-12-19
ep-00009,ep-00009-th-002,I625,Morgan Patel,2001-11-25
ep-00009,ep-00009-th-003,V431,Sam Lee,2001-09-10
ep-00009,ep-00009-th-004,X882,Jordan Khan,2001-02-14
ep-00009,ep-00009-th-005,M959,Jamie Clark,2001-08-24
ep-00009,ep-00009-th-006,W872,Morgan Garcia,2001-12-22
ep-00009,ep-00009-th-007,X619,Avery Miller,2001-09-05
ep-00009,ep-00009-th-008,O757,Riley Khan,2001-04-09
ep-00009,ep-00009-th-009,Z986,Jordan Garcia,2001-12-06
ep-00009,ep-00009-th-010,U200,Jordan Miller,2001-08-16
ep-00009,ep-00009-th-011,W376,Casey Shah,2001-09-10
ep-00009,ep-00009-th-012,Q503,Casey Clark,2001-05-19
ep-00009,ep-00009-th-013,Y785,Avery Brown,2001-04-28
ep-00009,ep-00009-th-014,Q317,Taylor Kim,2001-11-03
ep-00009,ep-00009-th-015,T598,Alex Shah,2001-10-21
ep-00009,ep-00009-th-016,N401,Jordan Lee,2001-05-18
ep-00009,ep-00009-th-017,A997,Casey Kim,2001-12-06
ep-00009,ep-00009-th-018,Y353,Taylor Chen,2001-12-08
ep-00009,ep-00009-th-019,Z411,Sam Shah,2001-09-10
ep-00009,ep-00009-th-020,D456,Casey Lee,2001-01-26
ep-00009,ep-00009-th-021,A465,Riley Garcia,2001-06-03
ep-00009,ep-00009-th-022,U670,Cameron Clark,2001-05-02
ep-00009,ep-00009-th-023,J230,Casey Patel,2001-12-17
ep-00009,ep-00009-th-024,G928,Riley Chen,2001-02-10
ep-00009,ep-00009-th-025,P788,Sam Miller,2001-04-07
ep-00009,ep-00009-th-026,L244,Morgan Garcia,2001-04-22
ep-00009,ep-00009-th-027,I724,Riley Shah,2001-04-24
ep-00009,ep-00009-th-028,G349,Cameron Garcia,2001-09-02
ep-00009,ep-00009-th-029,P881,Riley Brown,2001-11-09
ep-00009,ep-00009-th-030,J162,Jamie Miller,2001-10-21
ep-00009,ep-00009-th-031,D698,Riley Kim,2001-06-26
ep-00009,ep-00009-th-032,K777,Casey Shah,2001-08-19
ep-00009,ep-00009-th-033,U913,Sam Khan,2001-08-17
ep-00009,ep-00009-th-034,I474,Jamie Garcia,2001-04-23
ep-00009,ep-00009-th-035,K679,Alex Lee,2001-11-04
ep-00009,ep-00009-th-036,U909,Morgan Clark,2001-06-27
ep-00009,ep-00009-th-037,G484,Taylor Miller,2001-01-24
ep-00009,ep-00009-th-038,A383,Casey Patel,2001-06-28
ep-00009,ep-00009-th-039,V127,Casey Brown,2001-01-19
ep-00009,ep-00009-th-040,N712,Sam Kim,2001-09-21
ep-00009,ep-00009-th-041,E294,Casey Clark,2001-03-07
ep-00009,ep-00009-th-042,V726,Avery Miller,2001-12-06
ep-00009,ep-00009-th-043,H313,Alex Miller,2001-08-03
ep-00009,ep-00009-th-044,F271,Morgan Chen,2001-04-27
ep-00009,ep-00009-th-045,F605,Morgan Garcia,2001-10-28
ep-00009,ep-00009-th-046,A516,Jordan Chen,2001-08-12
ep-00009,ep-00009-th-047,I380,Sam Garcia,2001-05-20
ep-00009,ep-00009-th-048,C136,Casey Shah,2001-04-06
ep-00009,ep-00009-th-049,Q445,Riley Patel,2001-02-16
ep-00009,ep-00009-th-050,K755,Casey Garcia,2001-02-05
ep-00009,ep-00009-th-051,T303,Casey Clark,2001-11-08
ep-00009,ep-00009-th-052,C796,Jamie Garcia,2001-08-06
ep-00009,ep-00009-th-053,S753,Sam Chen,2001-05-01
ep-00009,ep-00009-th-054,D962,Morgan Patel,2001-01-10
ep-00009,ep-00009-th-055,Z445,Avery Chen,2001-10-22
ep-00009,ep-00009-th-056,A105,Avery Khan,2001-02-19
ep-00009,ep-00009-th-057,Y954,Sam Clark,2001-08-26
ep-00009,ep-00009-th-058,D640,Alex Garcia,2001-01-13
ep-00009,ep-00009-th-059,V691,Taylor Chen,2001-05-21
ep-00009,ep-00009-th-060,G182,Casey Clark,2001-06-06
ep-00009,ep-00009-th-061,B948,Riley Patel,2001-01-04
ep-00009,ep-00009-th-062,J829,Jordan Clark,2001-01-21
ep-00009,ep-00009-th-063,H963,Morgan Kim,2001-03-24
ep-00009,ep-00009-th-064,K416,Riley Brown,2001-08-13
ep-00009,ep-00009-th-065,B105,Alex Brown,2001-07-21
ep-00009,ep-00009-th-066,X256,Avery Khan,2001-08-15
ep-00009,ep-00009-th-067,E260,Alex Shah,2001-06-06
ep-00009,ep-00009-th-068,D157,Jamie Shah,2001-08-04
ep-00009,ep-00009-th-069,B195,Riley Miller,2001-04-02
ep-00009,ep-00009-th-070,I827,Jordan Miller,2001-06-04
ep-00009,ep-00009-th-071,Y566,Jamie Lee,2001-05-18
ep-00009,ep-00009-th-072,Q156,Jamie Khan,2001-10-06
ep-00009,ep-00009-th-073,X713,Alex Patel,2001-12-06
ep-00009,ep-00009-th-074,C505,Casey Brown,2001-08-28
ep-00009,ep-00009-th-075,T123,Alex Lee,2001-05-10
ep-00009,ep-00009-th-076,Y429,Alex Clark,2001-04-26
ep-00009,ep-00009-th-077,U891,Cameron Patel,2001-08-12
ep-00009,ep-00009-th-078,Q770,Casey Garcia,2001-11-19
ep-00009,ep-00009-th-079,X313,Cameron Garcia,2001-06-25
ep-00009,ep-00009-th-080,J325,Avery Khan,2001-04-09
ep-00009,ep-00009-th-081,F121,Casey Kim,2001-11-05
ep-00009,ep-00009-th-082,Q555,Jamie Patel,2001-06-18
ep-00009,ep-00009-th-083,I886,Casey Garcia,2001-01-05
ep-00009,ep-00009-th-084,M459,Cameron Miller,2001-02-17
ep-00009,ep-00009-th-085,L190,Jamie Brown,2001-02-14
ep-00009,ep-00009-th-086,T394,Taylor Patel,2001-03-28
ep-00009,ep-00009-th-087,Q258,Morgan Patel,2001-06-05
ep-00009,ep-00009-th-088,Q612,Jamie Chen,2001-04-07
ep-00009,ep-00009-th-089,F486,Morgan Shah,2001-01-08
ep-00009,ep-00009-th-090,W922,Avery Garcia,2001-02-06
ep-00009,ep-00009-th-091,D958,Cameron Clark,2001-09-10
ep-00009,ep-00009-th-092,M856,Cameron Brown,2001-11-10
ep-00009,ep-00009-th-093,K854,Taylor Miller,2001-06-09
ep-00009,ep-00009-th-094,F645,Morgan Garcia,2001-09-01
ep-00009,ep-00009-th-095,C964,Jamie Brown,2001-01-17
ep-00009,ep-00009-th-096,L639,Alex Brown,2001-07-09
ep-00009,ep-00009-th-097,B973,Riley Shah,2001-10-19
ep-00009,ep-00009-th-098,D508,Cameron Kim,2001-12-02
ep-00009,ep-00009-th-099,I414,Jamie Patel,2001-03-19
ep-00009,ep-00009-th-100,H890,Cameron Garcia,2001-07-10
ep-00009,ep-00009-th-101,I702,Sam Patel,2001-04-27
ep-00009,ep-00009-th-102,G427,Jamie Patel,2001-04-05
ep-00009,ep-00009-th-103,Y938,Riley Kim,2001-08-19
ep-00009,ep-00009-th-104,W240,Riley Patel,2001-07-25
ep-00009,ep-00009-th-105,B233,Cameron Lee,2001-09-15
ep-00009,ep-00009-th-106,J875,Cameron Garcia,2001-01-04
ep-00009,ep-00009-th-107,C983,Casey Shah,2001-03-24
ep-00009,ep-00009-th-108,S776,Morgan Shah,2001-07-11
ep-00009,ep-00009-th-109,P391,Avery Miller,2001-09-21
ep-00009,ep-00009-th-110,L954,Sam Brown,2001-01-09
ep-00009,ep-00009-th-111,O540,Avery Shah,2001-05-12
ep-00009,ep-00009-th-112,P811,Sam Brown,2001-07-01
ep-00009,ep-00009-th-113,X612,Sam Shah,2001-09-26
ep-00009,ep-00009-th-114,A471,Jordan Brown,2001-07-14
ep-00009,ep-00009-th-115,Z577,Morgan Lee,2001-04-26
ep-00009,ep-00009-th-116,L918,Casey Brown,2001-06-16
ep-00009,ep-00009-th-117,B151,Morgan Brown,2001-07-13
ep-00009,ep-00009-th-118,H737,Jamie Lee,2001-06-20
ep-00009,ep-00009-th-119,U357,Avery Shah,2001-06-18
ep-00009,ep-00009-th-120,W303,Jordan Chen,2001-02-24
ep-00009,ep-00009-th-121,Z644,Avery Lee,2001-08-13
ep-00009,ep-00009-th-122,H380,Casey Shah,2001-02-18
ep-00009,ep-00009-th-123,Y109,Cameron Shah,2001-05-21
ep-00009,ep-00009-th-124,Q791,Alex Lee,2001-08-09
ep-00009,ep-00009-th-125,G478,Riley Patel,2001-12-12
ep-00009,ep-00009-th-126,D163,Cameron Patel,2001-06-19
ep-00009,ep-00009-th-127,N336,Jordan Miller,2001-06-02
ep-00009,ep-00009-th-128,E605,Jordan Garcia,2001-02-23
ep-00009,ep-00009-th-129,Q804,Alex Garcia,2001-04-18
ep-00009,ep-00009-th-130,V304,Riley Brown,2001-10-03
ep-00009,ep-00009-th-131,Z490,Sam Patel,2001-12-25
ep-00009,ep-00009-th-132,D499,Riley Brown,2001-03-11
ep-00009,ep-00009-th-133,J359,Avery Kim,2001-09-26
ep-00009,ep-00009-th-134,U818,Jordan Patel,2001-10-21
ep-00009,ep-00009-th-135,T476,Casey Lee,2001-04-15
ep-00009,ep-00009-th-136,D216,Alex Kim,2001-12-20
ep-00009,ep-00009-th-137,Y331,Casey Clark,2001-05-19
ep-00009,ep-00009-th-138,S848,Avery Shah,2001-07-25
ep-00009,ep-00009-th-139,R425,Jamie Brown,2001-03-15
ep-00009,ep-00009-th-140,Q912,Casey Patel,2001-12-17
